Catalyst,BandGap,CrystalStructure,FormationEnergy,CatalyticActivity
Cat_0,4.0581311290499436,Rhombohedral,-4.074335355806902,26.170568373590598
Cat_1,9.531785910894204,Tetragonal,-2.2904952631082094,24.697879907199983
Cat_2,7.453942447208348,Orthorhombic,-0.6352708206179587,90.62545805210367
Cat_3,6.187255599871848,Rhombohedral,-1.338875567952194,24.95461998495061
Cat_4,1.982177084203147,Hexagonal,-0.967194260692751,27.1949726128631
Cat_5,1.981947943193925,Rhombohedral,-1.7060831664464131,75.93982624179637
Cat_6,1.0517943155978948,Rhombohedral,-1.5386171774107376,44.973984245054
Cat_7,8.728673384861883,Hexagonal,-0.7540217421734035,77.67105569551812
Cat_8,6.210592611560483,Monoclinic,-3.75165995570407,6.536615756438524
Cat_9,7.226689489062432,Monoclinic,-2.5528751817842976,48.75711936733843
Cat_10,0.6955526958101232,Tetragonal,-3.893952790901989,3.3613600183282633
Cat_11,9.714143595538946,Tetragonal,-0.061659960016765325,6.265320345535452
Cat_12,8.408205087604006,Monoclinic,-0.2797033015669337,90.64374533444109
Cat_13,2.5172215514436234,Orthorhombic,-4.802865943157471,13.924537111759516
Cat_14,2.2273371884674558,Rhombohedral,-1.4721241374215577,53.24206822752171
Cat_15,2.2423428436076214,Orthorhombic,-0.37375841292167067,41.10956026007065
Cat_16,3.3903013081156086,Rhombohedral,-4.097123274363332,34.73433262588427
Cat_17,5.48518610050626,Monoclinic,-2.160273847236853,89.98333456872724
Cat_18,4.603477677100099,Tetragonal,-0.42255851205979056,2.18233967754895
Cat_19,3.2666768318813983,Tetragonal,-4.830270107071006,66.37896861755891
Cat_20,6.312602499862605,Orthorhombic,-1.5128986637658004,96.33944342135504
Cat_21,1.8251916761943974,Tetragonal,-3.5132549631372463,56.016818346184195
Cat_22,3.2753741610845726,Monoclinic,-0.37801902311734814,93.68224620330918
Cat_23,3.980437511290071,Orthorhombic,-0.14470877417316075,5.225787928602377
Cat_24,4.832664850061842,Rhombohedral,-0.27866755443283076,41.87933190741614
Cat_25,7.9591716332336295,Tetragonal,-2.628928916712681,26.015779096205115
Cat_26,2.3969009305044175,Hexagonal,-0.689786745053433,73.08209649807299
Cat_27,5.385227164929311,Tetragonal,-0.7772530073246484,98.12970904972467
Cat_28,6.127938404189403,Rhombohedral,-3.4044976337837216,25.65300624442478
Cat_29,0.9412789208399783,Orthorhombic,-0.8554226292466129,65.41746014740745
Cat_30,6.271676093063665,Rhombohedral,-4.814961826422537,19.809763275974014
Cat_31,2.1199791750292696,Hexagonal,-2.018650607589735,56.53302545716099
Cat_32,1.1179901333601554,Monoclinic,-3.849955813561485,46.39324866883362
Cat_33,9.514412603906665,Tetragonal,-4.3971655711136055,97.2005329631537
Cat_34,9.673504314208314,Orthorhombic,-4.615233991853954,60.85272726964666
Cat_35,8.17977480710638,Monoclinic,-1.5185561206093015,34.950637208681876
Cat_36,3.3938308071470216,Rhombohedral,-3.300625181159669,11.409578488793336
Cat_37,1.4278850830606467,Orthorhombic,-1.3761661423561926,15.124682873493455
Cat_38,7.00021375186549,Monoclinic,-4.673218296005288,22.53169299512351
Cat_39,4.681448690526213,Orthorhombic,-3.4235483108469484,25.0966661340298
Cat_40,1.6593632310253987,Hexagonal,-2.302543538123314,85.06160578411378
Cat_41,5.2041806460570665,Hexagonal,-1.0463841758051822,56.12227882825249
Cat_42,0.8266909505945748,Tetragonal,-3.40623748533965,52.33909113743665
Cat_43,9.13854381974843,Tetragonal,-1.8705431178149547,11.476887186921747
Cat_44,2.9584098252001607,Hexagonal,-0.5701112588190647,86.0139693349435
Cat_45,6.793961701362829,Orthorhombic,-1.9206840590884773,72.28143032084837
Cat_46,3.4612552228494042,Hexagonal,-3.835202626231831,6.766836190000158
Cat_47,5.440646201189203,Tetragonal,-4.87799609221731,70.78350972297687
Cat_48,5.693747653761156,Hexagonal,-0.6495056304953506,54.353821734264606
Cat_49,2.2561173274925066,Hexagonal,-4.893652945748064,8.172534574677826
Cat_50,9.711053963763307,Orthorhombic,-0.6264916365790025,45.830064152865646
Cat_51,7.863761821930588,Monoclinic,-2.35531432986394,48.469628713004695
Cat_52,9.425239944859797,Tetragonal,-0.3046615074355188,16.577454016327575
Cat_53,9.000859829062664,Orthorhombic,-1.0060838211316732,94.56981470002823
Cat_54,6.1800497987053085,Hexagonal,-0.010329447333312203,84.99753714806619
Cat_55,9.25780523271961,Hexagonal,-3.2464409227414492,66.90223373291083
Cat_56,1.3406787694932352,Monoclinic,-1.1640585553443654,46.22955610006072
Cat_57,2.3618371929818793,Tetragonal,-2.990345431953789,41.17655415845085
Cat_58,0.9296592446501116,Tetragonal,-2.6006218984804557,65.09734671509541
Cat_59,3.590638142251011,Rhombohedral,-1.8624726839081496,54.543186940690546
Cat_60,4.192434252050079,Tetragonal,-0.6316144290683061,6.227310588188562
Cat_61,3.077815801852011,Monoclinic,-0.07958265400352449,51.25026487703317
Cat_62,8.373006336943329,Rhombohedral,-1.1586329306774088,80.64036172328395
Cat_63,3.889156603589098,Rhombohedral,-2.911166089163331,45.923987759695805
Cat_64,3.1688778420301174,Hexagonal,-2.893214988614649,5.195657755426842
Cat_65,5.65561279000336,Hexagonal,-1.3120884920555427,78.6278199384033
Cat_66,1.8387801372602453,Tetragonal,-3.8061142711584885,20.13637821359744
Cat_67,8.120871317163378,Rhombohedral,-4.4476294343430265,25.862083488803876
Cat_68,1.2082311149578229,Hexagonal,-3.2268892117961174,16.47063534322959
Cat_69,9.875425897704915,Monoclinic,-3.5638050417295912,33.02150648714976
Cat_70,7.836325308318245,Hexagonal,-3.51845939772005,75.6751505688635
Cat_71,2.387798974574638,Hexagonal,-3.8319612447504503,51.93858595039374
Cat_72,0.5524601126742228,Rhombohedral,-4.78953405181819,20.488127415071254
Cat_73,8.246883570320925,Rhombohedral,-4.910630326332931,87.78300781520409
Cat_74,7.2151447665523625,Orthorhombic,-0.061388051319842596,87.95818549515292
Cat_75,7.425568096389379,Monoclinic,-2.861134331320688,87.05784250460069
Cat_76,7.827068293516485,Rhombohedral,-3.0783667642015917,23.87962113815393
Cat_77,1.2034241914738584,Tetragonal,-1.6017635865346507,45.12393441809881
Cat_78,3.90542442117059,Monoclinic,-3.9087305606746794,98.49896561408751
Cat_79,1.6007560654887323,Monoclinic,-0.2501940802488729,77.20124763099903
Cat_80,8.699482545818139,Rhombohedral,-1.0682749279222397,2.716742122555982
Cat_81,6.4213322048618,Monoclinic,-4.5529449884387025,6.5204591260492055
Cat_82,3.6435312361001673,Rhombohedral,-2.912096121075358,46.39313768123328
Cat_83,1.1038043277172245,Hexagonal,-0.604408462189177,90.92202058615601
Cat_84,3.454332056298791,Orthorhombic,-0.27633988854294866,53.870179795271426
Cat_85,3.5892415592540967,Hexagonal,-2.6629924437506514,49.781250803429025
Cat_86,7.431258694211609,Rhombohedral,-1.9329430539464614,10.547369995663058
Cat_87,6.556795977874525,Rhombohedral,-4.164830269539624,65.6780104724294
Cat_88,8.928521054475102,Hexagonal,-0.044156869315116865,82.21031606002255
Cat_89,4.986041789038518,Tetragonal,-3.841641493082783,38.04200075075623
Cat_90,1.636145336413866,Tetragonal,-0.28634112932437183,77.56118509253275
Cat_91,7.275825478618453,Tetragonal,-1.7517667550381577,96.44766539008116
Cat_92,7.727457961860526,Rhombohedral,-1.9613160256057043,20.376645912768907
Cat_93,5.832133376910214,Monoclinic,-2.436557444917457,52.33296311947413
Cat_94,7.824188209568329,Rhombohedral,-3.8466509414112067,28.713795808457554
Cat_95,5.191058165461712,Monoclinic,-4.117359839972458,79.28544190338394
Cat_96,5.465961879128944,Hexagonal,-3.897568954649123,57.75933658811575
Cat_97,4.561639674406221,Orthorhombic,-4.067808689278728,63.45824175503038
Cat_98,0.7414817040689043,Monoclinic,-1.1020776321662336,79.79141596158941
Cat_99,1.5249685564363924,Tetragonal,-3.2493737041663495,39.59704726624549
Cat_100,0.7985772640239754,Rhombohedral,-4.710786617183018,91.50900684070432
Cat_101,6.545898907005914,Hexagonal,-0.15448684929594325,53.302886724614
Cat_102,3.4863818202251036,Tetragonal,-0.5810705751828715,15.7954822835348
Cat_103,5.331421566064677,Hexagonal,-0.36123858402393516,69.58991181688025
Cat_104,9.121881502297883,Orthorhombic,-0.025460886767823432,79.32613504382545
Cat_105,2.868276176914312,Rhombohedral,-4.130523753902564,31.67616770675267
Cat_106,4.398637768838483,Rhombohedral,-3.018789905486706,85.7179256998753
Cat_107,7.677735816158963,Orthorhombic,-1.2088076214795436,90.61432547657664
Cat_108,2.6735825721704134,Rhombohedral,-1.519896909731039,27.690448737780894
Cat_109,1.2313091433735335,Monoclinic,-4.230520468300725,98.3521472715222
Cat_110,3.252638802680796,Hexagonal,-0.920834375046911,14.071152804875842
Cat_111,2.0316022289130418,Tetragonal,-3.8777971408166967,20.201566840248997
Cat_112,9.332127697254444,Orthorhombic,-3.8809119258868847,18.422483923802613
Cat_113,8.17714360586196,Monoclinic,-2.3151278855329323,89.39897100078704
Cat_114,6.517335686849023,Tetragonal,-2.0353003257914843,65.42925523249619
Cat_115,8.778875606783318,Tetragonal,-2.0995689608109442,15.210428322227287
Cat_116,8.134884730541588,Orthorhombic,-4.542565813011226,44.032341836834895
Cat_117,2.2724155594173405,Monoclinic,-0.6126956868480979,61.529802506980204
Cat_118,8.97931048565479,Tetragonal,-3.67199978705647,8.34640849893833
Cat_119,5.623751298198682,Tetragonal,-4.352425393585979,88.24163684073388
Cat_120,8.170681474058593,Monoclinic,-0.5562596006551139,80.36035354415351
Cat_121,9.012867349273186,Rhombohedral,-0.22174250885123303,50.52067735766382
Cat_122,3.521033012232707,Tetragonal,-0.6893619136727471,96.71266152591704
Cat_123,1.545493283012929,Hexagonal,-0.95241962637561,41.77609792750997
Cat_124,2.665384044148446,Monoclinic,-1.7237900968048914,98.41103190364979
Cat_125,4.557523991949435,Tetragonal,-2.2457131469543032,66.79199988036271
Cat_126,8.271140276263685,Orthorhombic,-4.565066200442949,63.467127325394145
Cat_127,8.676940540935263,Hexagonal,-2.9577339346465066,16.5954895295785
Cat_128,0.5660452400463116,Tetragonal,-3.13655741493843,88.1927758304644
Cat_129,5.352099374486874,Hexagonal,-3.701231081198369,42.74896879206152
Cat_130,4.465404529913401,Hexagonal,-1.3828994315570755,16.223340578247935
Cat_131,2.6100241994719373,Rhombohedral,-2.5206213246061457,1.260751997575904
Cat_132,1.6387209896699866,Hexagonal,-4.59476892046176,55.975568363838256
Cat_133,3.7073441283344657,Rhombohedral,-3.8990839902509435,52.739962212267635
Cat_134,9.457642187168933,Monoclinic,-1.5837061817020204,71.93536223691585
Cat_135,3.570427854197175,Rhombohedral,-4.619345702548499,89.02580530178021
Cat_136,5.428510906561978,Orthorhombic,-0.7439654297561562,7.9406584643029525
Cat_137,7.17868010950419,Tetragonal,-2.5242673649301284,73.14964903403623
Cat_138,3.9544812226032926,Monoclinic,-2.59706711336676,18.741194409758222
Cat_139,9.731929785849127,Monoclinic,-2.037961076702412,85.8177053157164
Cat_140,9.643249301950057,Orthorhombic,-0.8765951703742543,81.90635138616561
Cat_141,2.8919318103409593,Rhombohedral,-3.2609539604890347,54.07937549855444
Cat_142,5.223860805977662,Tetragonal,-1.6099192372046822,71.02427986233116
Cat_143,3.3583439432593116,Rhombohedral,-2.1713401800210446,31.43501131837484
Cat_144,3.205984696585942,Hexagonal,-3.6648586491528934,47.116789893281464
Cat_145,0.8504259998680616,Rhombohedral,-0.60685006822421,82.16368977104716
Cat_146,6.29086117280902,Monoclinic,-1.0128698919653596,45.92651971732139
Cat_147,5.2754507206741845,Tetragonal,-1.7077408267078726,35.77982653254418
Cat_148,0.9890481368748989,Rhombohedral,-0.7470913545287905,49.421244725029986
Cat_149,3.1471414102478086,Tetragonal,-0.6635289952009877,82.82492524372184
Cat_150,9.128525916683211,Tetragonal,-1.458185116424826,33.520804737087275
Cat_151,2.775837961336238,Hexagonal,-0.8149333581816398,17.37615931357438
Cat_152,1.8765012848666194,Hexagonal,-1.512642691653582,71.20140203307808
Cat_153,5.149801222636849,Monoclinic,-1.599296141198498,82.59782127080818
Cat_154,9.863679314050707,Orthorhombic,-1.9069431089240787,10.063747852353334
Cat_155,2.799525079359254,Tetragonal,-1.236416802211794,23.98741127559447
Cat_156,6.885287700355846,Orthorhombic,-4.206974473534632,14.19719897609939
Cat_157,7.735386345622817,Monoclinic,-0.5956462040053578,34.79414115821666
Cat_158,2.7575566679277967,Tetragonal,-0.6407823612738399,45.035097890541266
Cat_159,7.418055311812666,Tetragonal,-4.853763584827204,74.88263369633064
Cat_160,3.9939397608329057,Orthorhombic,-0.8709162471761864,65.11475848816741
Cat_161,6.506905390639005,Rhombohedral,-4.355650662632774,62.092856747843115
Cat_162,6.5185322522285,Hexagonal,-3.3244057287042903,35.23749466096544
Cat_163,5.589859498710205,Rhombohedral,-1.2824587185419611,84.144755308476
Cat_164,1.357752815516879,Orthorhombic,-4.196200519758459,47.128716739816454
Cat_165,8.43537370809776,Hexagonal,-0.9101648794046895,97.91049380151546
Cat_166,3.5474106172314905,Rhombohedral,-0.8393291102112901,63.41421382957368
Cat_167,2.271925848798615,Hexagonal,-2.462661331195819,12.626474156450273
Cat_168,0.8873638447702572,Tetragonal,-4.968070641415832,67.6177562075434
Cat_169,6.113482960288297,Rhombohedral,-3.564809334125436,32.5104015431699
Cat_170,6.936861437501683,Hexagonal,-1.9153654081212892,68.63271966860974
Cat_171,0.6575843748146335,Hexagonal,-0.09406910986288253,6.964114816240574
Cat_172,5.364884053843169,Hexagonal,-1.8409323649166582,17.48814371759594
Cat_173,2.6517098643804107,Rhombohedral,-3.700982094679201,85.57372589057863
Cat_174,6.629141508889774,Monoclinic,-1.829971484501943,22.71795570235149
Cat_175,2.1564810755474184,Rhombohedral,-2.3000731014207227,83.704112524294
Cat_176,7.063908511973427,Orthorhombic,-1.100773024244282,27.927608845441043
Cat_177,4.173985789855106,Rhombohedral,-4.465096805865208,64.28819100587077
Cat_178,9.398934892998978,Hexagonal,-1.1948604874898598,69.4150573509831
Cat_179,1.8064489693869359,Tetragonal,-2.2936671066194485,51.265475314505295
Cat_180,3.7401303349774557,Rhombohedral,-0.18503998070502714,30.531067669673128
Cat_181,1.577998451785596,Rhombohedral,-3.2906391698065693,21.264437637109612
Cat_182,9.284589373646346,Hexagonal,-1.8368905343302595,3.318935456242622
Cat_183,8.83472385711932,Tetragonal,-0.33985947244991266,30.39464012407238
Cat_184,2.9504454632939785,Tetragonal,-4.487451360046604,65.3162790531283
Cat_185,6.7698484373247005,Orthorhombic,-0.3138575638177441,93.83048184484826
Cat_186,8.263610901911552,Rhombohedral,-1.5605713884959331,87.1204482263052
Cat_187,5.774407710194892,Tetragonal,-4.660814704474141,76.60647765353026
Cat_188,5.531680494382061,Tetragonal,-3.495182165265919,78.84473432532987
Cat_189,2.797596763554291,Monoclinic,-1.459139556773592,66.49849034759953
Cat_190,1.3844762941560425,Monoclinic,-4.663246992656141,26.0286857566003
Cat_191,9.023549700556604,Tetragonal,-2.0891476991186337,90.71950307058299
Cat_192,9.05397154305164,Orthorhombic,-3.2705847152352163,67.0732311905834
Cat_193,6.514463844096046,Tetragonal,-1.8954224111626146,56.04406309804399
Cat_194,3.7207830149626564,Hexagonal,-4.771289830937436,11.098946921348107
Cat_195,3.8174909588202786,Rhombohedral,-0.6423159692381191,44.70555438064254
Cat_196,7.396578949267274,Orthorhombic,-0.13255515411301566,46.03582712019263
Cat_197,9.022547469549483,Hexagonal,-0.1556107235715425,86.45636095226699
Cat_198,8.927321030518614,Orthorhombic,-1.2517408412853763,54.66482201877885
Cat_199,7.908817685647427,Hexagonal,-4.34956879934684,38.04005489704097
Cat_200,6.599300638465734,Rhombohedral,-1.208684020354887,97.68003285106593
Cat_201,1.299329667452964,Rhombohedral,-4.8770654177059924,11.072059332631568
Cat_202,2.0354727838988307,Monoclinic,-4.889382242355014,42.25484283119446
Cat_203,9.036264791007254,Hexagonal,-3.381948904252294,4.202467517140529
Cat_204,6.261076066766105,Monoclinic,-2.556784047976671,73.99041207669303
Cat_205,0.5873719903579817,Hexagonal,-1.1479629109610339,91.80765521991506
Cat_206,1.463979657227305,Monoclinic,-1.583523116967474,28.003732955048942
Cat_207,6.80326680652653,Rhombohedral,-2.770486468116258,85.83416767991208
Cat_208,0.5480850465390775,Orthorhombic,-3.6318666685916705,29.221823046189776
Cat_209,2.0276764884662373,Monoclinic,-0.014377499211444267,91.07701616439152
Cat_210,5.712970998982568,Hexagonal,-2.8690934888201354,75.3961903596784
Cat_211,7.073004378080586,Hexagonal,-2.7430648783516225,80.49067768414386
Cat_212,6.693631965274705,Rhombohedral,-4.1818808940416545,1.80065556004545
Cat_213,2.630558439875318,Hexagonal,-1.0259522562503531,96.2810357074026
Cat_214,7.265702602801591,Tetragonal,-1.531588871092557,72.66709920703232
Cat_215,2.7538663312196006,Orthorhombic,-3.896151936056198,30.47510953861333
Cat_216,3.591297132513043,Monoclinic,-4.588094771920787,82.9394664858847
Cat_217,7.591668348621229,Orthorhombic,-1.5975034896264346,28.152119841492997
Cat_218,6.671512540948539,Rhombohedral,-1.7274439285943237,87.2753839566128
Cat_219,8.56762239969469,Monoclinic,-3.6337023650089533,11.258039041193701
Cat_220,6.747322476853262,Monoclinic,-0.24568218874794834,70.36859774607957
Cat_221,5.8989317316869805,Tetragonal,-4.244710541095499,54.069847664491036
Cat_222,1.3899102943668784,Rhombohedral,-2.8383259947869903,9.653447019544082
Cat_223,3.9933001290646186,Hexagonal,-0.28192039916200606,24.189382825883897
Cat_224,3.0194224929763918,Tetragonal,-2.9013634153693886,1.240403627731479
Cat_225,2.817901612101294,Tetragonal,-1.8073702616795724,46.876796546450585
Cat_226,9.743600270148233,Orthorhombic,-3.012028010186029,30.126526076000037
Cat_227,4.234428384334224,Orthorhombic,-3.6289239882566497,59.83574842977588
Cat_228,8.974442274182577,Orthorhombic,-0.0801117602008592,29.72378077086172
Cat_229,6.4958169469739975,Tetragonal,-2.953329968424785,29.99191115069847
Cat_230,8.05070738364566,Hexagonal,-0.5295039816043277,74.31931987316034
Cat_231,5.275052384499325,Monoclinic,-3.8502269705445693,4.814283597835345
Cat_232,5.980586903950411,Orthorhombic,-3.9344764798745837,90.28949951919873
Cat_233,5.178918091279207,Hexagonal,-4.8443295855774435,85.22638743911814
Cat_234,2.354808384081423,Rhombohedral,-1.7416658731205747,66.78046832264066
Cat_235,7.3632950949843,Orthorhombic,-3.1573682813811943,59.32215701073843
Cat_236,3.16733744318813,Monoclinic,-0.6782087508018151,89.23024981396523
Cat_237,0.7310016810988115,Rhombohedral,-2.633950466542214,18.533017952871443
Cat_238,6.631986811118094,Rhombohedral,-0.1590328604263913,7.896916219082861
Cat_239,2.182551454366965,Monoclinic,-4.072372421484395,23.95101699095381
Cat_240,9.434356551352685,Orthorhombic,-0.6568841602219457,79.45782787001903
Cat_241,9.562321481524581,Tetragonal,-1.1170157360412913,3.4670266726483323
Cat_242,9.191211707094261,Monoclinic,-1.14539077677974,58.280683508348964
Cat_243,4.016507652426721,Monoclinic,-0.7760838594155617,99.54375161913099
Cat_244,0.6468378570242406,Monoclinic,-1.1948800452850055,85.56960938375394
Cat_245,9.31902634458339,Rhombohedral,-1.8688983918429232,52.14456890435895
Cat_246,4.567749409014486,Hexagonal,-4.343775611588062,6.364090928664234
Cat_247,9.68322078091486,Tetragonal,-4.83736910254374,83.13735143857099
Cat_248,9.654389782347902,Orthorhombic,-0.39576076092156587,59.89785081772106
Cat_249,8.60358982693992,Orthorhombic,-1.9167484273963096,11.493299705956684
Cat_250,3.297264474661064,Hexagonal,-1.0173135451191184,9.38572848233562
Cat_251,4.158428421718289,Monoclinic,-2.5923882424372495,90.96268194365923
Cat_252,8.585798379410141,Tetragonal,-4.413459055188028,66.92002629380784
Cat_253,3.510759048984638,Orthorhombic,-4.374071038987248,82.92867993167555
Cat_254,2.1101810935178786,Orthorhombic,-1.5721735638551433,87.89789002822673
Cat_255,5.789611993354327,Monoclinic,-2.8484705255026865,57.17723520483222
Cat_256,9.39347035452742,Hexagonal,-3.997376366498316,51.74463517550413
Cat_257,7.112283068412244,Tetragonal,-2.5420272662928154,43.042741032099016
Cat_258,5.915581115848967,Hexagonal,-4.6789553146243295,31.69465877911193
Cat_259,1.4231766908223011,Hexagonal,-2.090142990428006,43.459596085871176
Cat_260,6.342568653642113,Tetragonal,-3.6550329778245114,77.38796557301563
Cat_261,9.9055115759905,Tetragonal,-1.0122044968140593,60.19234310151316
Cat_262,1.8307981447469783,Orthorhombic,-3.448190205382131,89.2523289954846
Cat_263,5.424131697455499,Orthorhombic,-2.723899254590994,44.33800143791877
Cat_264,8.835044183315576,Tetragonal,-4.941897300459496,60.7089578718754
Cat_265,7.537301868664942,Rhombohedral,-4.637765561027206,63.130755309198875
Cat_266,7.121649539455046,Orthorhombic,-3.037532217966576,59.16971623063255
Cat_267,7.173598797877538,Rhombohedral,-2.6003058264143823,70.26337730855164
Cat_268,3.915165936587674,Tetragonal,-1.9998972594034816,23.74334683748063
Cat_269,3.289122520512687,Orthorhombic,-3.541687106453484,51.23637775457907
Cat_270,8.18893097704588,Hexagonal,-1.5250905693672872,10.422480280834767
Cat_271,8.196077249452216,Tetragonal,-0.6993880140539774,38.45113276448126
Cat_272,8.737187026510986,Monoclinic,-1.1007450555332507,48.76670686212644
Cat_273,9.175785249286477,Rhombohedral,-4.801905873258214,65.22242595454725
Cat_274,5.357752789178909,Tetragonal,-2.5974652637108555,95.05310525862035
Cat_275,5.264404799528396,Tetragonal,-4.475349107909126,60.06510665483559
Cat_276,8.083804200184364,Orthorhombic,-3.7897749206873628,74.35939161765597
Cat_277,6.674657342388769,Orthorhombic,-0.06668703366426776,50.626605949520275
Cat_278,7.168685333948182,Orthorhombic,-4.287522285492434,63.41040313763313
Cat_279,8.06003035964296,Monoclinic,-2.5055592327432197,7.093221613377343
Cat_280,8.95505074726688,Orthorhombic,-1.9092213284094046,25.439158084184697
Cat_281,3.7109539900895903,Tetragonal,-1.4876751472794805,36.185309320513866
Cat_282,4.068038050079468,Orthorhombic,-2.2017565825654293,47.249335500651355
Cat_283,1.3928284284882555,Hexagonal,-4.951145762904082,4.564874550238374
Cat_284,5.993661339463653,Orthorhombic,-3.3676934587800407,14.002409755331769
Cat_285,0.8414516010690498,Monoclinic,-2.4114417830764427,27.68143077913058
Cat_286,4.923181172258372,Hexagonal,-4.560667504275833,97.15326909010507
Cat_287,5.655124029721978,Tetragonal,-3.246865343954096,33.134700710305076
Cat_288,3.222141895218702,Tetragonal,-4.833984456043167,48.20410581120825
Cat_289,6.112915975405603,Rhombohedral,-4.6071075142248965,19.609771273839293
Cat_290,0.7897523744209696,Hexagonal,-3.01538361899202,61.07800710757682
Cat_291,0.854807793117537,Rhombohedral,-4.3364212297846985,28.068321551597432
Cat_292,8.314705326266754,Hexagonal,-2.1622957586922094,20.699257843842677
Cat_293,3.9218110934069976,Hexagonal,-1.5526751543136714,51.65726284459791
Cat_294,1.7070748701929055,Monoclinic,-0.9970665044545859,0.5505799160420821
Cat_295,5.461310970520642,Rhombohedral,-3.9992487787759496,0.7664032649225327
Cat_296,7.8149387544368025,Monoclinic,-4.162587088704651,21.906880910185777
Cat_297,2.55029976122001,Hexagonal,-4.477160798327999,3.672136250082114
Cat_298,6.417459520280502,Tetragonal,-1.8178487522818165,10.802575413069137
Cat_299,1.310800917440796,Hexagonal,-1.4676213675654943,33.88606493387516
Cat_300,0.9909763511017731,Monoclinic,-4.84206927587179,80.25856795798128
Cat_301,5.547868999897406,Rhombohedral,-0.3189387687815506,57.204864336930086
Cat_302,5.6360336552960115,Rhombohedral,-4.740143581742638,51.26677259564164
Cat_303,6.555584064232963,Monoclinic,-2.2935183234946477,29.348882320812166
Cat_304,7.397867670365285,Rhombohedral,-1.4546974027454178,93.17537194328163
Cat_305,9.770594754894079,Orthorhombic,-0.6451543812695721,39.70150412371917
Cat_306,5.404853308861355,Tetragonal,-1.4295653393378611,8.70927667957715
Cat_307,3.5680864929418368,Tetragonal,-0.9913595846510406,61.70665161178013
Cat_308,8.054268850302684,Tetragonal,-3.30274903728597,11.38383934766014
Cat_309,3.072906386989705,Rhombohedral,-0.925874431267439,34.52231428016921
Cat_310,4.670228496703543,Rhombohedral,-4.599425768076625,50.74119387178089
Cat_311,1.2453356227515266,Hexagonal,-0.5259167196973618,87.42225246851758
Cat_312,0.7408320624468463,Hexagonal,-2.2620381192313186,49.35465803401187
Cat_313,9.645159939440289,Tetragonal,-0.9135111501875315,70.22587660316643
Cat_314,8.441811144865955,Orthorhombic,-2.7384085774084994,99.28168389990704
Cat_315,7.111754957890131,Hexagonal,-1.7821115240173753,13.148911989798162
Cat_316,4.385052971935564,Hexagonal,-2.367986695319434,27.47315255195195
Cat_317,2.146296040673035,Rhombohedral,-1.3420523912233406,39.45760755976464
Cat_318,1.9861519053753174,Orthorhombic,-4.5918500898470525,42.18281785388314
Cat_319,2.8773075325636555,Tetragonal,-4.698239580047181,41.102107526554576
Cat_320,5.717653314708144,Hexagonal,-3.764483829949268,90.76110025565549
Cat_321,7.2886612656505925,Orthorhombic,-4.202276599434058,71.40326444668564
Cat_322,6.771875078818447,Orthorhombic,-0.6410821670389915,60.79052140907037
Cat_323,3.159372020986457,Tetragonal,-3.9039300632097786,30.93727178627821
Cat_324,9.571220166300344,Orthorhombic,-0.12067372090434336,82.37903842212947
Cat_325,7.510020708609801,Orthorhombic,-3.315521041144466,95.5060511484989
Cat_326,5.766363498858307,Orthorhombic,-4.0894104215565035,82.11982825502265
Cat_327,6.311347089226346,Hexagonal,-1.0515074642876043,0.15651051914729042
Cat_328,4.486200593064004,Tetragonal,-1.7064611224956194,63.6401370183407
Cat_329,2.853444400260996,Orthorhombic,-2.509021417734305,5.1135381442100725
Cat_330,3.881740447186985,Orthorhombic,-2.2231822453118437,25.760722033372186
Cat_331,7.699538049411506,Hexagonal,-1.4039911086386807,5.952470034777169
Cat_332,0.6367381419826807,Tetragonal,-3.8577262933435064,60.37954529493877
Cat_333,1.6026900848157042,Rhombohedral,-0.01833041971629079,68.65899134926067
Cat_334,0.9370250992066511,Hexagonal,-0.12603418926608434,11.448763806590511
Cat_335,0.8869236220302164,Tetragonal,-1.7483715682653154,38.38388830449795
Cat_336,8.626875548104568,Orthorhombic,-4.002287745354274,45.6236508955542
Cat_337,7.184749664110225,Tetragonal,-1.5988587878435432,36.90530217609166
Cat_338,5.00465137632959,Tetragonal,-4.639007955104121,12.102500048519305
Cat_339,1.429424526184514,Tetragonal,-4.84673748897097,41.89477901874754
Cat_340,5.1703508136099074,Rhombohedral,-3.7115855574439314,75.11780478084181
Cat_341,4.997981822415374,Tetragonal,-2.6868852163034185,7.100766453325546
Cat_342,2.145417764145144,Rhombohedral,-0.6586374729580973,8.018001408190345
Cat_343,4.621590667760744,Orthorhombic,-1.3641546511684597,35.47712918359842
Cat_344,4.285794976775048,Rhombohedral,-1.2864673940000948,94.1725711618925
Cat_345,6.350575931496056,Orthorhombic,-2.8725333277596232,66.85726467229141
Cat_346,6.533389683242616,Orthorhombic,-3.2703250372651853,67.86699566725648
Cat_347,0.9303880928344229,Rhombohedral,-3.1448061850769866,36.1919990837865
Cat_348,4.058819838951477,Hexagonal,-0.06175218131971061,59.36607912085384
Cat_349,6.445669199285246,Monoclinic,-4.799454042937588,1.0131184027743378
Cat_350,5.2797944565108335,Tetragonal,-0.664842519387757,63.60960464095422
Cat_351,8.636653491289062,Monoclinic,-2.106622957138033,91.32869475762368
Cat_352,6.757589500379978,Tetragonal,-2.8069229040520476,61.25734683448192
Cat_353,2.047877057273582,Tetragonal,-1.3737116979243176,87.3698593466345
Cat_354,1.1704031003040836,Orthorhombic,-2.5666552928764856,72.39730554660937
Cat_355,6.6029831429599986,Tetragonal,-0.6328838095916973,12.055841640369025
Cat_356,0.7518574501454072,Tetragonal,-0.4964906799437072,90.24533072858418
Cat_357,6.064868022097901,Rhombohedral,-2.891395365632723,6.644384435577488
Cat_358,9.432187293537098,Monoclinic,-3.615861013824742,53.39674725477638
Cat_359,5.96700468982085,Rhombohedral,-2.038248357033189,14.213712379345766
Cat_360,4.187614298961958,Tetragonal,-0.4381832719165448,1.1706610730904066
Cat_361,6.611238075202355,Orthorhombic,-3.9466890549716673,42.2034260127639
Cat_362,4.853402459669408,Rhombohedral,-1.885167082182586,29.504070765415623
Cat_363,5.683359498501382,Rhombohedral,-1.8421988995373972,48.6000493797603
Cat_364,9.44391568337699,Hexagonal,-1.334434887923595,57.71998867345508
Cat_365,4.167975059107356,Tetragonal,-4.3421615743637005,4.373907230894735
Cat_366,9.631310356327186,Orthorhombic,-1.4208751765895573,12.300329512374564
Cat_367,9.100831098582606,Rhombohedral,-0.45483739667179535,55.86423964504254
Cat_368,2.3600157804983164,Rhombohedral,-4.101584455648791,34.316735317265824
Cat_369,1.1589323583140718,Orthorhombic,-3.812283375380612,72.9173487549448
Cat_370,1.4573910130855532,Tetragonal,-0.14302452979180202,65.22916485919397
Cat_371,0.6731073436897224,Hexagonal,-4.095115236452552,84.56043629899068
Cat_372,1.3972081271813197,Rhombohedral,-0.7280745331521041,69.24928266692253
Cat_373,6.98856434745539,Hexagonal,-2.538610717759826,42.99310773901481
Cat_374,1.1762921603721754,Monoclinic,-3.7638446279841147,67.29666223944324
Cat_375,3.530268487790732,Tetragonal,-0.6462504936374431,27.538117425541852
Cat_376,8.526315454209819,Monoclinic,-2.7734737249866726,30.63134987782127
Cat_377,0.7210833894903457,Monoclinic,-2.425913230351549,78.89851599207933
Cat_378,8.237450584594889,Monoclinic,-3.2038331530011717,44.64195164015822
Cat_379,3.1776203603472992,Tetragonal,-2.0352457428253627,79.83803405183525
Cat_380,1.6225658624057344,Tetragonal,-4.182380637074886,82.24223736682784
Cat_381,7.119003070959431,Orthorhombic,-3.0445923167411966,85.75623376612837
Cat_382,6.474957044408898,Hexagonal,-0.15293838832356244,91.66352358412072
Cat_383,8.835984128507002,Hexagonal,-3.7093328364943625,43.098522051329624
Cat_384,7.483174916136915,Orthorhombic,-1.716316677293539,31.886681832113883
Cat_385,8.133068838656062,Orthorhombic,-3.3740496788765255,58.21987465941139
Cat_386,3.1793284394274117,Monoclinic,-1.1326343715669966,37.117242343762754
Cat_387,2.185675665907367,Orthorhombic,-4.345631696408251,60.1074166800233
Cat_388,7.6308401405881545,Rhombohedral,-0.15089477460727618,70.55858626438246
Cat_389,8.164930023039009,Hexagonal,-2.7310522930818038,68.84050184921368
Cat_390,9.909798849006396,Orthorhombic,-3.81974768326768,37.45528870201213
Cat_391,4.419867930658551,Rhombohedral,-4.632516263349936,16.68602016987528
Cat_392,4.03417181503144,Rhombohedral,-4.151210474562296,43.05293384622075
Cat_393,7.87592312704897,Rhombohedral,-2.401130257219912,14.259414408190874
Cat_394,3.7376336324036696,Rhombohedral,-3.3149841178435686,89.00970351838083
Cat_395,9.342194593233865,Monoclinic,-0.8555831705869528,34.58774607378574
Cat_396,8.654921142508613,Rhombohedral,-2.8455623816909705,15.445974722332378
Cat_397,4.575443260062674,Monoclinic,-3.7564286370618505,2.5447759905750877
Cat_398,7.633275144019225,Monoclinic,-1.9142750669798496,64.58223862864843
Cat_399,7.668157303804482,Rhombohedral,-1.466113915572771,63.69023174547432
Cat_400,1.4796767539413598,Hexagonal,-4.164790460495251,34.060416658129164
Cat_401,9.074252613455883,Rhombohedral,-4.161903918558412,7.171188884765101
Cat_402,5.299897538254643,Rhombohedral,-4.816642865332285,40.9628894895232
Cat_403,8.351345928023544,Rhombohedral,-1.3179899246717977,31.12174950633936
Cat_404,3.5404712097908115,Hexagonal,-1.6809773618909745,67.71206397350093
Cat_405,9.007470670713904,Tetragonal,-2.6268456212509306,60.57792494526903
Cat_406,4.19741594797455,Tetragonal,-0.779147755154014,36.459372819754
Cat_407,0.6029576890628344,Monoclinic,-0.9716492352497337,21.78925542549901
Cat_408,9.101128775983005,Monoclinic,-2.0732281780162394,98.80359661555919
Cat_409,1.3672234294682688,Hexagonal,-0.6586435974337066,45.40016211961149
Cat_410,3.533479557108941,Orthorhombic,-3.9707939498161586,68.82742357802371
Cat_411,9.525588686982648,Tetragonal,-4.44040190301136,14.055296757836079
Cat_412,9.530767895906783,Monoclinic,-3.651251942415052,48.55896996593978
Cat_413,5.947659937171218,Tetragonal,-4.714565719553426,2.7536719869465487
Cat_414,6.502453515613093,Hexagonal,-2.34415235999484,50.545511791044994
Cat_415,4.760232458794038,Hexagonal,-0.316971538525193,96.40174071177023
Cat_416,3.285502331131613,Orthorhombic,-4.803282296657452,38.420671298580025
Cat_417,3.6223131810142015,Orthorhombic,-4.389450429949866,3.8996012574911587
Cat_418,6.888925332731865,Hexagonal,-2.7390048585828235,3.095579091934353
Cat_419,7.64755802965796,Monoclinic,-0.3306249123604754,38.798675994686946
Cat_420,8.02000091539556,Tetragonal,-3.4192194751162477,16.002493646319405
Cat_421,8.001372356548263,Rhombohedral,-2.463825956558038,2.335209632818591
Cat_422,1.3664579789625586,Orthorhombic,-4.7921357047480395,75.62136139501769
Cat_423,5.196992894674524,Rhombohedral,-4.258283995189556,45.85230088818907
Cat_424,1.0468082201581206,Monoclinic,-0.06684938520576544,28.924477197265453
Cat_425,5.720524382075488,Orthorhombic,-0.17440651781977223,90.00831830164807
Cat_426,4.694539763047081,Rhombohedral,-4.975300095327952,11.613896020052561
Cat_427,8.933189736203849,Monoclinic,-0.24094107288380506,95.59188289553192
Cat_428,3.8336926192447476,Tetragonal,-1.8044003109224982,31.396671737735282
Cat_429,1.6121366560622556,Monoclinic,-0.6604085273998894,88.84036723086813
Cat_430,1.8584209795019406,Orthorhombic,-2.7263007218307047,60.294287647946156
Cat_431,7.734351001315987,Hexagonal,-2.4220198571037486,82.67073597414874
Cat_432,6.37307160150448,Tetragonal,-2.555767098715399,98.40131632104642
Cat_433,1.4606654231665073,Rhombohedral,-1.6656787122694783,28.840543781874572
Cat_434,1.2990146580924757,Orthorhombic,-4.301743726218436,96.1135485407593
Cat_435,7.1592067488616395,Hexagonal,-4.85013205063661,38.94818949024204
Cat_436,1.1912485604598384,Monoclinic,-3.4603502920440454,38.55119047369223
Cat_437,8.307670563258384,Hexagonal,-1.4765961863167663,34.03871042545057
Cat_438,7.209301157986714,Orthorhombic,-3.9907327393852583,54.14076073475852
Cat_439,1.2728134160980478,Orthorhombic,-1.6328378333754134,15.41450431784871
Cat_440,1.305958283809323,Hexagonal,-0.1504397694636479,55.37114853580112
Cat_441,9.873075995761166,Monoclinic,-4.530496421052908,54.1704812410004
Cat_442,4.055572559683143,Hexagonal,-1.6369894088743688,76.190181260487
Cat_443,4.021100397135464,Orthorhombic,-2.7812489034771444,83.36499619375856
Cat_444,8.221595888946275,Orthorhombic,-0.6592887281124735,44.044135031242405
Cat_445,9.498861485146657,Rhombohedral,-4.114251052763071,30.233324935149376
Cat_446,9.867010106317274,Rhombohedral,-1.5368702388691773,25.933489731709447
Cat_447,7.657092759959945,Tetragonal,-0.8094235517594486,19.462383670487192
Cat_448,4.074466062543699,Orthorhombic,-0.27692890262988357,5.764758219902488
Cat_449,1.2932568086373533,Rhombohedral,-1.5837598585517707,34.244797883471335
Cat_450,7.882895701310649,Hexagonal,-2.5141261799578634,27.024769213078326
Cat_451,5.804840372490148,Monoclinic,-1.9107637989939308,96.64173858664074
Cat_452,4.530109087846275,Hexagonal,-0.6554750776064093,55.77088262500439
Cat_453,9.110366658399991,Monoclinic,-2.1469512668058517,34.72770390305075
Cat_454,1.5563760819084378,Rhombohedral,-4.848064701515816,58.0467600993696
Cat_455,5.179938490763162,Tetragonal,-0.3452565224651112,13.91967013456955
Cat_456,0.6078596252904811,Hexagonal,-1.5523662448421942,44.40437492022029
Cat_457,4.9522760989442,Hexagonal,-1.6174330711137674,62.62343214210638
Cat_458,1.034881118977455,Hexagonal,-3.921624238011414,48.889783179245136
Cat_459,1.6287702045466832,Monoclinic,-1.7055726488367142,40.177880065432426
Cat_460,1.6164993443824964,Rhombohedral,-3.0306779717292076,99.38483888996981
Cat_461,6.667497870102604,Hexagonal,-1.7438351147925397,88.0314762148927
Cat_462,7.587426353021521,Hexagonal,-4.467034848460046,62.34059581594401
Cat_463,6.0420032684230165,Tetragonal,-1.7107734769848197,56.93773611822828
Cat_464,9.640639210508148,Tetragonal,-0.0029313711466674164,62.06604798245841
Cat_465,4.061270505475189,Rhombohedral,-4.75893980569722,20.131210782243325
Cat_466,3.214264819677677,Rhombohedral,-0.11412907889341373,39.51377432643186
Cat_467,8.751691717799872,Orthorhombic,-2.965460196385647,3.945953289089932
Cat_468,2.6241604659348,Tetragonal,-0.6462327483137038,47.554603748682666
Cat_469,9.650614124685807,Orthorhombic,-1.0880725797086326,54.302458395766315
Cat_470,0.6154675095532552,Monoclinic,-2.1649186950666612,22.77497361032096
Cat_471,9.71384885372257,Orthorhombic,-1.3077539537433673,96.40288471655137
Cat_472,0.9100191635304731,Hexagonal,-0.6074221934932602,90.9454610937242
Cat_473,8.965859580131676,Orthorhombic,-2.9792983917448352,72.21432354559059
Cat_474,5.513160536319849,Rhombohedral,-3.3648341921838067,53.33866287653626
Cat_475,9.933165563133354,Monoclinic,-1.6620330721820764,86.99691596476849
Cat_476,1.2010673649862893,Hexagonal,-0.9607702902937074,13.065234382346292
Cat_477,5.761615701812548,Orthorhombic,-1.188574326116921,79.0509794274885
Cat_478,9.70837408838144,Monoclinic,-1.0109317557068276,12.48208139668483
Cat_479,5.469429519616414,Monoclinic,-2.822083425935335,79.42106625494054
Cat_480,6.479287062284994,Hexagonal,-0.9108289191248922,27.576756825135696
Cat_481,7.109612545353863,Orthorhombic,-4.398954723146958,87.7090581018189
Cat_482,4.818140115293845,Monoclinic,-2.277554510195752,94.40420938253979
Cat_483,6.461801760798602,Monoclinic,-4.971206697509392,14.879596940511563
Cat_484,6.0509859632694525,Tetragonal,-3.3770708504986486,46.267560506539354
Cat_485,9.061001099664395,Monoclinic,-3.1676923256430105,98.09873781626851
Cat_486,0.9317406132438497,Tetragonal,-3.0191365419537233,48.34074359731466
Cat_487,3.169150301126188,Orthorhombic,-1.522663966550689,86.35475225145451
Cat_488,9.528909098727308,Orthorhombic,-3.0572094936482714,58.87315221313199
Cat_489,8.957505946963705,Orthorhombic,-2.7565318868873465,37.53299079196019
Cat_490,4.828739151464273,Rhombohedral,-3.8122793456283626,28.57835555258702
Cat_491,6.391259679114599,Orthorhombic,-3.1337410418532996,20.322309108608728
Cat_492,3.1351212383207603,Monoclinic,-3.8636518636842427,76.17981913776973
Cat_493,2.2871510173757326,Hexagonal,-4.634020381157782,38.65405068230279
Cat_494,4.905134846929831,Tetragonal,-1.9827570330931104,51.12754622007512
Cat_495,3.856846166247502,Rhombohedral,-1.6589360072249186,49.23254800011819
Cat_496,6.044733062583285,Orthorhombic,-1.9025482699519274,57.727902923313124
Cat_497,1.238479051167356,Orthorhombic,-2.6825297809971382,86.55771456245522
Cat_498,9.756750672828582,Hexagonal,-3.101071099103851,98.07393435834294
Cat_499,9.869002072556228,Hexagonal,-0.6833317521408739,40.758420857381694
Cat_500,7.132536283187579,Rhombohedral,-2.4045910743189096,82.7518922106303
Cat_501,5.592915480269144,Tetragonal,-2.604090611851345,76.45277946547176
Cat_502,3.4405123547201137,Orthorhombic,-4.8717896709678215,57.352895145557326
Cat_503,8.231052687216012,Rhombohedral,-3.2937608618692185,95.60471436119332
Cat_504,7.004946139261853,Monoclinic,-3.099021906070715,20.04745155284028
Cat_505,2.044860923776467,Monoclinic,-3.0058860955154976,10.92642103096214
Cat_506,9.153808252691503,Rhombohedral,-2.0991381538633385,85.39619669554222
Cat_507,8.314103807770106,Orthorhombic,-2.3319872663656076,43.91498166337483
Cat_508,9.523099176273279,Rhombohedral,-1.9604745360327769,84.69688542070605
Cat_509,7.39433532968942,Orthorhombic,-1.1755836922893588,89.30902051954149
Cat_510,6.327444361390004,Hexagonal,-0.9350713064195322,6.245759361907144
Cat_511,4.473308844760879,Rhombohedral,-1.409384618867528,88.34647629860606
Cat_512,9.360920591863126,Orthorhombic,-0.2223815202253263,44.831905536942216
Cat_513,8.727606950253879,Rhombohedral,-4.908837086618192,51.04324890042322
Cat_514,0.9295773660087994,Rhombohedral,-4.021110071582269,62.659251109321026
Cat_515,0.750486257723894,Orthorhombic,-4.9621856251092895,92.63826067300867
Cat_516,4.076401985341471,Orthorhombic,-1.762626429226985,1.911609442976403
Cat_517,8.200256642427412,Tetragonal,-0.5098472552500652,47.68434683178171
Cat_518,9.879123228491972,Rhombohedral,-3.7825885171185036,68.77220424305607
Cat_519,1.9289604654835177,Monoclinic,-0.36482727601846676,72.27069576982285
Cat_520,6.144241795845284,Rhombohedral,-4.698663048552196,69.2532431537108
Cat_521,4.118463137994704,Rhombohedral,-0.32781986597242874,13.443512940812186
Cat_522,9.71418677923873,Orthorhombic,-3.241886563801828,29.93955883716812
Cat_523,8.500129769789233,Rhombohedral,-4.4928958577539175,35.87155254170135
Cat_524,8.46412269475581,Rhombohedral,-2.5706412040683717,80.4437207679505
Cat_525,4.9525850180522175,Monoclinic,-3.7161171613974604,27.875987241455302
Cat_526,4.440785272207819,Orthorhombic,-3.5756354901903857,21.070496386720315
Cat_527,3.097367183341709,Rhombohedral,-3.4635501753685674,95.74480190380962
Cat_528,1.0355672181838076,Hexagonal,-0.9848705108366831,0.88632851134689
Cat_529,8.714862574423005,Tetragonal,-2.304193616623728,99.78208556819781
Cat_530,8.222559586735738,Monoclinic,-3.443461504219982,67.68212988573956
Cat_531,9.99731789621824,Rhombohedral,-1.9483310834454084,82.84692994491171
Cat_532,9.9680499522021,Hexagonal,-1.4192466288840322,29.461939634619316
Cat_533,5.776601203224961,Rhombohedral,-3.6368799963323313,1.4315277667059978
Cat_534,7.805380444214849,Rhombohedral,-2.9322544923732425,73.78695185615301
Cat_535,9.475274433883067,Orthorhombic,-4.390569533315262,83.41445970006758
Cat_536,8.57165021143541,Orthorhombic,-4.094253252326599,74.04761319535191
Cat_537,2.8498069665603776,Orthorhombic,-1.594410730175086,14.285028730083859
Cat_538,4.780169285445888,Hexagonal,-4.092808261521865,75.34279222569691
Cat_539,1.7270144439392023,Rhombohedral,-2.3741830816646994,76.8922782107641
Cat_540,9.563484758957863,Tetragonal,-1.4547686913878364,65.85405156700548
Cat_541,6.25865902728336,Monoclinic,-4.465615384526281,76.61159327955862
Cat_542,2.672106652282896,Orthorhombic,-2.163438901855482,84.59214396777321
Cat_543,6.881156501855639,Orthorhombic,-3.717186081493181,61.360411423745845
Cat_544,6.37221828435001,Rhombohedral,-0.18536562381210064,8.860471396967906
Cat_545,3.9025458213119846,Rhombohedral,-2.5822717664003765,48.76278096672109
Cat_546,1.5787971258964757,Hexagonal,-0.970037251124209,7.764933467160507
Cat_547,6.879945358131597,Hexagonal,-2.2488672892186914,40.75430310324308
Cat_548,5.442923158586036,Orthorhombic,-4.782937335725904,40.71064891256276
Cat_549,7.837024721488573,Rhombohedral,-1.8342431220298883,6.600984414024158
Cat_550,5.441553260563937,Tetragonal,-0.24298328896671517,34.88205339694793
Cat_551,8.59572425302613,Monoclinic,-1.9919408992683438,11.099809879131485
Cat_552,5.743114968357613,Rhombohedral,-0.9040557028660494,80.82352100092221
Cat_553,5.82891072958617,Rhombohedral,-0.5789676832579609,94.76880259644707
Cat_554,8.828209225254279,Hexagonal,-3.8596011402553376,7.231647525793861
Cat_555,4.333087229017772,Monoclinic,-3.9397758004588668,95.51152072917014
Cat_556,1.773144670281087,Orthorhombic,-1.9450950557450413,52.25765993367452
Cat_557,0.7734354249767202,Rhombohedral,-2.9448576509664766,29.95656779538739
Cat_558,7.673803928899381,Orthorhombic,-0.8006934856663985,7.686207527616351
Cat_559,6.392940737857915,Rhombohedral,-0.4998843830099444,50.06242680704178
Cat_560,7.188757796942624,Orthorhombic,-3.2328931034864095,79.45155444907486
Cat_561,2.523159534334652,Monoclinic,-3.81564720512759,70.70864772666981
Cat_562,1.7955290180743129,Hexagonal,-1.097372423780691,5.022601146397376
Cat_563,0.6381743238448783,Monoclinic,-3.6259698222593197,7.290183536790352
Cat_564,3.8305818086626715,Tetragonal,-0.8869284074316077,40.28732826326371
Cat_565,6.104218025119014,Hexagonal,-2.881308731756186,29.52904940479433
Cat_566,4.226318428447457,Monoclinic,-1.6622505035426478,23.238432305604782
Cat_567,4.656011759225426,Tetragonal,-4.522323430826659,28.10044989087136
Cat_568,9.08950759769061,Rhombohedral,-1.8807033766171348,80.34827432968846
Cat_569,3.8084269367213532,Rhombohedral,-2.741161606313854,92.92280536318539
Cat_570,5.382900147018202,Orthorhombic,-2.0669576841226296,40.510269452756646
Cat_571,7.944703621040859,Hexagonal,-4.159928961275683,90.61110021324971
Cat_572,4.267156432052067,Rhombohedral,-1.3156312752790895,32.1495701247882
Cat_573,6.409823652164798,Hexagonal,-0.6860146122838575,47.64369863437916
Cat_574,8.69245523309408,Rhombohedral,-3.916300999546122,22.602899781599973
Cat_575,9.5204459247476,Orthorhombic,-4.521427222399192,64.0476042175844
Cat_576,1.8971980688258605,Monoclinic,-4.881807069768318,97.89811151748088
Cat_577,9.302582439034197,Orthorhombic,-1.7901424977836697,60.34930960433786
Cat_578,5.175104784255613,Tetragonal,-1.964529819556096,35.78140841135489
Cat_579,2.9533216888401044,Rhombohedral,-2.26651293642965,64.78174459905284
Cat_580,4.861789684263482,Tetragonal,-3.840264519420123,12.292067846538757
Cat_581,9.810309465212033,Tetragonal,-3.0454700204724268,88.86590802653987
Cat_582,5.179871892932261,Hexagonal,-2.0276183240691346,50.30839507798363
Cat_583,3.623140297731328,Rhombohedral,-2.516165705704153,44.93497420396421
Cat_584,6.517308116008895,Tetragonal,-0.06107239892556393,58.58647884535192
Cat_585,2.7813833783928343,Monoclinic,-4.317801237216335,62.47838627894025
Cat_586,1.2207016170323073,Tetragonal,-1.5242772297620313,7.177580622651303
Cat_587,1.7243573581511678,Monoclinic,-2.9784061594785394,68.26172212234025
Cat_588,1.7164354700988382,Hexagonal,-2.8590019253719263,24.193168031552958
Cat_589,1.9430755883667963,Tetragonal,-1.4120111717091186,71.39526325065899
Cat_590,1.8188581401693962,Orthorhombic,-1.5378192433781517,82.25347943841967
Cat_591,6.588310075630539,Hexagonal,-0.0437200314890589,80.39585075525203
Cat_592,2.2278608017918757,Monoclinic,-4.358028552729374,55.25009674078891
Cat_593,3.7838391915767007,Hexagonal,-4.479451753079168,52.016989231075115
Cat_594,9.019489894107112,Tetragonal,-1.3783059143562943,14.287596133941172
Cat_595,5.0026355824972875,Rhombohedral,-2.1080654149679545,77.53461504031355
Cat_596,6.841798515949758,Rhombohedral,-3.629196667200971,27.140938044671437
Cat_597,2.1370387764154835,Monoclinic,-4.602903155055067,49.669542281794655
Cat_598,2.3267456786823724,Monoclinic,-4.571708752017847,28.42740929275167
Cat_599,0.8882518545315492,Rhombohedral,-0.5290456266794088,13.382836299969314
Cat_600,2.104883099185563,Monoclinic,-4.040663376406285,62.95576968917366
Cat_601,3.146608220803607,Hexagonal,-3.3831421894223963,5.4332034822903825
Cat_602,2.1815996006290947,Orthorhombic,-3.86671798886506,74.86452341262
Cat_603,1.3426740706920284,Orthorhombic,-3.2250184708403133,31.758679526111667
Cat_604,1.6460407754557078,Hexagonal,-4.652880786269533,0.013469300448532007
Cat_605,4.877398296310895,Orthorhombic,-2.404701045458648,51.11291392372298
Cat_606,2.460170324855029,Tetragonal,-4.661937182038925,4.6851908527603126
Cat_607,3.9605636799567168,Hexagonal,-0.998217460888192,27.616955782089946
Cat_608,5.28246407312114,Monoclinic,-3.831439590447835,70.69764874557161
Cat_609,7.058750871978971,Hexagonal,-2.299940426977447,6.268962162186586
Cat_610,0.8734653284904399,Rhombohedral,-0.5996045621927086,83.93384923560023
Cat_611,8.094398789635905,Monoclinic,-1.7456131547640292,0.3819922658583108
Cat_612,6.465053700163624,Rhombohedral,-2.3352110672433235,24.682386920190226
Cat_613,1.2767108035142831,Monoclinic,-3.378331234423122,74.09040561520715
Cat_614,8.798996929014384,Orthorhombic,-3.3349904347090105,31.627014972930677
Cat_615,9.248287805052225,Hexagonal,-1.6525652240090496,10.189238806601352
Cat_616,1.0802406186212057,Tetragonal,-0.029303193894162582,36.02339188004279
Cat_617,3.130337657398435,Monoclinic,-1.690804050753107,27.039328638452552
Cat_618,8.158912158034083,Monoclinic,-2.2110829131498755,84.27119021605549
Cat_619,7.608467058644754,Rhombohedral,-1.3467474488037694,31.334791758514314
Cat_620,2.2529496838855847,Orthorhombic,-2.6739719385814094,78.89324717760073
Cat_621,2.488818571698748,Rhombohedral,-4.699288286996074,89.18721448107347
Cat_622,4.019484976518129,Rhombohedral,-2.1885159206104507,43.381741957652956
Cat_623,5.102968359314703,Orthorhombic,-0.21187357747309932,90.9943143854392
Cat_624,6.373420329537812,Tetragonal,-4.123485288211702,37.73180539631929
Cat_625,4.004679575912838,Rhombohedral,-1.5499755458966713,96.40784164901082
Cat_626,4.894079803264905,Rhombohedral,-3.9953315567047176,8.928952452557294
Cat_627,7.600973912270687,Monoclinic,-2.3208615776345938,68.70192665032427
Cat_628,0.84849042746068,Orthorhombic,-4.516617751766402,49.38140404569287
Cat_629,2.898150971268197,Hexagonal,-2.7481453187090743,38.76488054556471
Cat_630,7.276821065903248,Tetragonal,-1.2191833555237697,63.27118787486009
Cat_631,9.004464958028393,Tetragonal,-3.2621423788050894,70.38570916343312
Cat_632,5.360935700098828,Orthorhombic,-1.67544137756391,0.43632696503090873
Cat_633,5.5550781100204984,Monoclinic,-1.022750196051354,16.69530887471987
Cat_634,1.5181341077278725,Monoclinic,-0.3641109026027367,71.30460506343186
Cat_635,4.750417484822819,Orthorhombic,-3.8267895907227323,66.63854135782064
Cat_636,5.55986403132272,Monoclinic,-3.0034204209534594,96.60475051286772
Cat_637,2.803469784529932,Tetragonal,-4.2379199333479125,76.1037790250783
Cat_638,3.057810694019119,Tetragonal,-0.03758248920812424,95.0772707731338
Cat_639,4.084199549493915,Hexagonal,-0.3649951603785233,70.25405015348069
Cat_640,0.6906763788884005,Orthorhombic,-2.300214348597202,29.805220863944314
Cat_641,3.559752073040194,Rhombohedral,-0.7898335281178941,10.536492225085647
Cat_642,2.508756066467174,Rhombohedral,-2.395210113639789,78.18238633449356
Cat_643,3.611224845690189,Hexagonal,-1.8820715599862012,64.4149221475916
Cat_644,1.6377402522828866,Hexagonal,-4.554377839419917,4.818601239329623
Cat_645,8.960009167029002,Monoclinic,-1.2236478975159604,36.005046590097834
Cat_646,6.139128308763462,Hexagonal,-4.361432581823826,95.67998154842861
Cat_647,6.951472031872651,Hexagonal,-0.8696618487373584,50.04011457102012
Cat_648,7.997126766769714,Rhombohedral,-1.0898595616480704,43.272913601970465
Cat_649,5.235200889826044,Monoclinic,-1.4562765112851177,45.7699605159294
Cat_650,1.325742736830525,Hexagonal,-4.819198097376189,20.88827240051637
Cat_651,5.602512147276204,Hexagonal,-3.484358220273357,36.87071708647952
Cat_652,6.074990621198352,Monoclinic,-3.6844371504457856,36.98132559871766
Cat_653,7.581675004751135,Orthorhombic,-3.1993179626424046,5.2355020187472405
Cat_654,4.600765689181954,Monoclinic,-4.561786266180807,76.75676285179182
Cat_655,1.7120128765578557,Rhombohedral,-0.31521088484468596,41.6504431903879
Cat_656,3.1958711050878823,Orthorhombic,-2.2309887964381185,82.21798868164232
Cat_657,3.9492818157870335,Tetragonal,-3.4723784467098824,85.03480011198954
Cat_658,6.636213792650212,Monoclinic,-3.015092414628583,21.199405469865805
Cat_659,5.922393894354663,Rhombohedral,-2.763987297475822,65.73534821701286
Cat_660,3.8829188960295395,Orthorhombic,-1.9970283331969134,47.22818041629817
Cat_661,9.871894863533306,Monoclinic,-2.421602861517511,88.0156737921485
Cat_662,6.254860783890428,Hexagonal,-0.40304013392791305,21.57406791764541
Cat_663,2.7536545214919474,Monoclinic,-2.515182585470849,67.78132003100443
Cat_664,1.4669334898938355,Tetragonal,-0.03920992588343708,60.775212225272256
Cat_665,1.9521618222511543,Monoclinic,-0.7428752112745212,29.53014775718328
Cat_666,2.836598419652827,Orthorhombic,-3.957447428213321,13.660090365117261
Cat_667,2.026473045965779,Orthorhombic,-0.3470239267804187,65.16397604772766
Cat_668,2.2723867284874046,Monoclinic,-4.41816801057262,73.85974581323308
Cat_669,3.2084041025915475,Orthorhombic,-0.9127514575440419,31.562734376335
Cat_670,2.147049155300171,Hexagonal,-3.0968835326171,64.48326040223138
Cat_671,9.01927153395104,Monoclinic,-0.6101283977746528,39.51309076115032
Cat_672,1.2622205837856009,Hexagonal,-0.6597165494627486,71.32068832826177
Cat_673,5.48285820091742,Hexagonal,-0.9703729994118939,19.92152748940531
Cat_674,4.398769856401785,Rhombohedral,-1.049847818464693,89.02150026361744
Cat_675,9.83259686063176,Monoclinic,-3.476604304509796,28.74095964655797
Cat_676,1.5643695705964973,Orthorhombic,-4.595403584743739,36.77859877561529
Cat_677,4.279628190934545,Hexagonal,-2.985099106174193,5.8091952080349785
Cat_678,9.709969116116005,Rhombohedral,-4.132377425067457,11.15122123212764
Cat_679,8.722317695992812,Monoclinic,-1.5252445554876912,51.58619027123281
Cat_680,8.262184674018158,Monoclinic,-3.269501367311072,26.75926767279715
Cat_681,2.9500768569269282,Tetragonal,-0.12194899570042583,83.54802257421944
Cat_682,2.1234320802056255,Tetragonal,-1.79513961327334,1.4693388654953843
Cat_683,6.852110589282095,Hexagonal,-0.8875971818281956,37.90940486719362
Cat_684,9.329071896712065,Tetragonal,-4.337376636290758,33.73455467690927
Cat_685,5.789247483632333,Hexagonal,-0.6899275886368876,1.9327630917601035
Cat_686,5.930320549964049,Orthorhombic,-0.386214047433028,12.436839900051023
Cat_687,3.1598013897726998,Hexagonal,-2.5646904059053206,41.36426749186353
Cat_688,7.810182865323401,Tetragonal,-1.968735311245113,49.28645844474466
Cat_689,2.276915611296472,Orthorhombic,-1.1759509954850227,40.42897472548691
Cat_690,3.574952745840315,Tetragonal,-4.125806863697937,53.093767841209385
Cat_691,4.541646166855959,Hexagonal,-2.4871696176827878,59.51316749056815
Cat_692,5.322298597502323,Rhombohedral,-3.0066848611384343,0.992382112783563
Cat_693,2.8028924579432624,Monoclinic,-4.268130039188755,46.409515945350385
Cat_694,1.5909498350224336,Tetragonal,-3.1623278885423427,96.34992408875883
Cat_695,6.30089040319551,Hexagonal,-4.659138453072532,51.90322801295487
Cat_696,3.24199025578243,Orthorhombic,-4.870940465252565,67.75422674589532
Cat_697,6.021763103514816,Tetragonal,-4.324168554225886,31.18638579168832
Cat_698,1.966445795104922,Tetragonal,-0.184424442054131,77.39913781527625
Cat_699,5.070830967620766,Monoclinic,-2.252352320524915,77.2921481876115
Cat_700,5.559599609240066,Hexagonal,-0.17088919423389992,52.129604765413895
Cat_701,0.9923235998130556,Rhombohedral,-2.83751060834934,97.60138232792136
Cat_702,3.6977406428422457,Orthorhombic,-3.440919334573702,12.555021476265338
Cat_703,1.7769394309202553,Hexagonal,-2.4692906857987795,1.6947664889580993
Cat_704,1.1020622194912937,Orthorhombic,-2.8024415568354493,77.0158211757096
Cat_705,9.90462220770448,Tetragonal,-4.47167657869128,80.71555373648826
Cat_706,3.5623615272598683,Monoclinic,-1.795868426548969,12.020722912057625
Cat_707,8.193807235619031,Monoclinic,-3.919809087452002,26.55828329586061
Cat_708,2.919086220255757,Rhombohedral,-1.9020602255108523,1.755236336662891
Cat_709,6.974275861127328,Monoclinic,-1.7489945380092333,29.33086107805647
Cat_710,7.722164668952022,Tetragonal,-4.23987573435676,77.31418739186715
Cat_711,6.158568035774521,Rhombohedral,-4.693251864446659,51.79605277125789
Cat_712,4.979973791226504,Hexagonal,-1.0961920696578007,34.80955931682881
Cat_713,4.412488684399051,Monoclinic,-2.7009978811533992,37.17392949063303
Cat_714,3.814248532158455,Rhombohedral,-4.709181022472621,0.1353625715468154
Cat_715,9.330526870354346,Tetragonal,-0.025668414151164498,29.98005275652359
Cat_716,8.390884373983427,Orthorhombic,-4.711097195018167,64.64587416379305
Cat_717,9.66775565133187,Orthorhombic,-1.524823855707234,97.41944438163571
Cat_718,1.680823623112675,Tetragonal,-0.0816053736829323,84.70608269838995
Cat_719,7.44324101443462,Tetragonal,-3.8040994789203717,2.3594964645529126
Cat_720,9.41423433979986,Orthorhombic,-4.288753156564019,89.85606046748393
Cat_721,2.2217141285737716,Rhombohedral,-4.393075302887856,78.3198413298626
Cat_722,1.1317145399843862,Orthorhombic,-3.483624262162022,78.03761235709804
Cat_723,7.540646168255561,Tetragonal,-4.494770944946767,45.79957590035715
Cat_724,5.957494575209163,Monoclinic,-1.5391932915293403,39.80052929545028
Cat_725,8.497373379203584,Hexagonal,-4.688541009349686,30.29157288331926
Cat_726,1.8278375779497502,Monoclinic,-2.4528893592510514,6.569485895436578
Cat_727,8.055039462668958,Monoclinic,-0.01651573073511603,22.82353634936991
Cat_728,2.415459540453573,Tetragonal,-0.9301486524699056,24.66036349780246
Cat_729,2.054731457224193,Orthorhombic,-1.9239028088449457,48.40770697102016
Cat_730,2.060525080344433,Rhombohedral,-3.4687318960669415,74.7444406596694
Cat_731,8.238459842198129,Monoclinic,-1.8805208185418074,47.38098283979466
Cat_732,6.819373596613901,Orthorhombic,-2.3647926804417416,5.784444944716061
Cat_733,5.469121535306634,Rhombohedral,-2.869583080548143,95.77898009882038
Cat_734,3.9088895991732735,Monoclinic,-4.346448116299003,94.27243190941122
Cat_735,8.83340513772453,Rhombohedral,-0.5669789237976666,78.51895431484084
Cat_736,4.228228520515036,Orthorhombic,-2.7510767558933873,99.13279015642206
Cat_737,8.257694674979982,Hexagonal,-4.026887440896175,54.448233280026294
Cat_738,4.671781631417075,Orthorhombic,-3.161203245613552,96.27683502532061
Cat_739,4.080972079536622,Tetragonal,-2.9293512373553647,7.560504061675077
Cat_740,4.895457963861261,Rhombohedral,-0.8623105221656289,36.568074826137135
Cat_741,3.36308980455935,Hexagonal,-1.3319280971929897,22.538126800676583
Cat_742,7.602289111674386,Rhombohedral,-1.1534755317933012,19.583308413427
Cat_743,5.275843705878552,Rhombohedral,-4.944843677856764,14.08029488926761
Cat_744,2.7060206038947645,Monoclinic,-2.9192300091011925,62.241364156599666
Cat_745,9.0459584461084,Tetragonal,-2.5932792418233817,78.1321855747305
Cat_746,4.146966603045509,Rhombohedral,-4.9040386158847165,57.82983994203607
Cat_747,5.663752180582891,Orthorhombic,-3.700933956274829,14.696270958820968
Cat_748,9.111485054163197,Orthorhombic,-1.1985508843893249,81.11237699334708
Cat_749,6.430260961182925,Monoclinic,-4.314451471355005,63.59547071637285
Cat_750,1.6105313867294586,Tetragonal,-2.3234493427370415,38.81657061269955
Cat_751,9.428405174328013,Tetragonal,-3.9239906399138125,67.4130295536063
Cat_752,6.463226504178469,Orthorhombic,-4.939396126780534,25.990497924283286
Cat_753,3.681603339242318,Hexagonal,-3.7939927120022925,34.51922084942105
Cat_754,1.823084690302179,Monoclinic,-0.12063122544973126,91.74858431319902
Cat_755,8.043239298067812,Monoclinic,-0.9923144405850524,29.05045056714204
Cat_756,6.390691181320879,Orthorhombic,-0.20211677839483322,46.99882681579366
Cat_757,5.567880373775054,Orthorhombic,-2.5607297803681877,89.01411373960147
Cat_758,8.991979538984097,Hexagonal,-4.451319006612483,70.77213502675275
Cat_759,7.991673506633042,Hexagonal,-2.260202555131535,6.220322616470275
Cat_760,1.940911357461136,Tetragonal,-2.7281133272001954,14.730304427897034
Cat_761,3.4613596440577084,Monoclinic,-0.7782145863019201,0.7841590771916818
Cat_762,2.8606468282374244,Monoclinic,-4.509587096078777,63.09217902291634
Cat_763,7.567489779440431,Orthorhombic,-2.558794314891109,44.767342541041835
Cat_764,0.8185581299899041,Tetragonal,-4.249756676530079,13.427485090227552
Cat_765,5.913952006277507,Monoclinic,-3.3766203655497002,95.79341210567705
Cat_766,7.7433575145365605,Tetragonal,-1.3132146130610018,52.96597239456199
Cat_767,8.82927354923662,Tetragonal,-2.6199093531561672,24.189329411288917
Cat_768,3.7497766128011207,Orthorhombic,-3.1205585742711532,50.06035711547076
Cat_769,8.301944394384122,Tetragonal,-3.0276186071498232,67.96203327351078
Cat_770,1.5510015010744687,Hexagonal,-2.702766157970067,7.623921797356448
Cat_771,8.541296771477922,Hexagonal,-1.0749172808147156,27.4703815047892
Cat_772,1.7111422921538328,Rhombohedral,-0.5395765552988276,80.69654908839937
Cat_773,4.274229260323489,Orthorhombic,-0.22332656748035884,45.966487040266124
Cat_774,8.074305974905759,Rhombohedral,-1.0654830687235246,54.65771420322949
Cat_775,1.924215559813351,Hexagonal,-3.422965521259936,43.28160022094693
Cat_776,2.677888254710094,Rhombohedral,-1.5593264695672895,4.389994264300512
Cat_777,7.36139939973413,Orthorhombic,-2.8119843797230404,16.574977982015593
Cat_778,7.340347097187706,Orthorhombic,-3.7266468897697442,44.554163874189086
Cat_779,6.590902512410325,Tetragonal,-0.7956421028703868,20.918546540792782
Cat_780,7.0925102224374506,Monoclinic,-4.807868255188375,4.997902865967873
Cat_781,5.655882211802163,Tetragonal,-0.4911900393228823,84.36496640518237
Cat_782,2.8920910596160514,Orthorhombic,-2.692612676876329,98.11925291641158
Cat_783,3.784111938287235,Hexagonal,-1.8139926159585977,79.31428739967394
Cat_784,2.225178309613544,Hexagonal,-1.7032303889710865,85.3784921704667
Cat_785,9.13028033266947,Tetragonal,-0.524411296467318,24.197713031704538
Cat_786,6.042222050278144,Orthorhombic,-1.8166515891639632,96.06269755131997
Cat_787,4.308088459254579,Hexagonal,-1.930332076199691,19.692570445342838
Cat_788,4.889055134619261,Orthorhombic,-4.66673979719655,95.14298103618323
Cat_789,9.499191726312246,Hexagonal,-2.40795989027398,99.4819293965951
Cat_790,1.9568383296027618,Orthorhombic,-4.249154995914791,71.17228057460487
Cat_791,6.069183404159574,Rhombohedral,-1.3128311563925719,98.1143731791822
Cat_792,5.305942449402427,Orthorhombic,-2.4388903959366277,56.95397795671037
Cat_793,6.3088152366291546,Orthorhombic,-1.5988611039582334,25.954178317609035
Cat_794,0.6720467462979849,Tetragonal,-4.791635496988079,43.699588566562085
Cat_795,8.78517713496944,Rhombohedral,-4.576039919770984,59.35609353787859
Cat_796,9.355123683594318,Monoclinic,-1.4183830596865885,7.308156202701499
Cat_797,5.868765244097485,Tetragonal,-4.639578320006633,62.234326461724606
Cat_798,7.118182826830476,Monoclinic,-4.643716361173707,98.11778367622945
Cat_799,9.26374412118431,Hexagonal,-4.939457623825563,19.010764978372762
Cat_800,7.218767025977287,Monoclinic,-0.21749300850259967,79.25951162883833
Cat_801,1.9491209076854827,Orthorhombic,-1.3124582027049652,90.78987937796194
Cat_802,5.974739421584725,Monoclinic,-3.233742957489679,94.37015928202209
Cat_803,6.263792940637131,Tetragonal,-3.5173220935617238,96.01356044054472
Cat_804,4.529241377372667,Tetragonal,-3.251483851270752,52.14596387214719
Cat_805,7.496220238434867,Monoclinic,-1.1267323440940906,97.73079079915037
Cat_806,9.376486640305641,Tetragonal,-1.693146944647928,75.73102071344388
Cat_807,9.292900872614375,Tetragonal,-4.07402216066266,16.16714362369619
Cat_808,4.782974028339255,Monoclinic,-4.129453323329578,47.690010646797
Cat_809,1.575761435487175,Rhombohedral,-4.508021751433013,71.8331175372004
Cat_810,9.855991390142178,Rhombohedral,-1.6984864014933092,24.734031581908333
Cat_811,8.469531821236373,Hexagonal,-1.1781366888913203,64.06151835488873
Cat_812,1.684295471431035,Tetragonal,-3.67476785837498,66.66004790466192
Cat_813,9.247997884865036,Monoclinic,-4.895275194845436,16.26997438085659
Cat_814,8.764015439590219,Tetragonal,-4.589141662617863,56.50853124527563
Cat_815,5.428961542697685,Orthorhombic,-0.16069982577484776,77.16269109786077
Cat_816,6.117116639576828,Tetragonal,-3.522776112612899,49.88956645359419
Cat_817,4.290525686766237,Tetragonal,-1.153884260809332,1.2103116776107425
Cat_818,1.0202355688092977,Rhombohedral,-1.8766821557286812,0.9038469079292177
Cat_819,3.6843737956360587,Monoclinic,-3.0903018017355204,35.702934397001215
Cat_820,8.12710776168111,Tetragonal,-3.9715636890222243,92.6194068431782
Cat_821,0.5440042185437272,Rhombohedral,-4.393067909202967,22.867677960360876
Cat_822,3.6682421310658695,Hexagonal,-1.924935159805667,63.43636888716871
Cat_823,4.282602589113962,Rhombohedral,-1.1268310968110602,22.207587069332057
Cat_824,5.605258227910268,Rhombohedral,-1.7804787322943465,32.16699896595486
Cat_825,9.238628355921225,Rhombohedral,-2.3484893337542085,84.8042089601484
Cat_826,3.790286946476632,Tetragonal,-4.790243882841819,72.88614422699469
Cat_827,3.7960554180141632,Tetragonal,-0.15755611202808062,9.539927731321063
Cat_828,7.50626185704261,Hexagonal,-1.0064290417271273,42.87020209864336
Cat_829,4.796070438453168,Orthorhombic,-3.5358898164951764,2.916976364526447
Cat_830,2.6337458179298285,Orthorhombic,-0.10014835320574633,48.0890146603009
Cat_831,4.798175403260587,Orthorhombic,-1.9905920518183895,66.24340117010681
Cat_832,1.8381416936080988,Hexagonal,-2.087886708963768,11.850262359815156
Cat_833,2.1756763718091214,Orthorhombic,-1.2596341028523392,28.888493890916568
Cat_834,5.234493841025057,Orthorhombic,-0.9411510595493127,39.783662550215695
Cat_835,4.479791770293206,Rhombohedral,-1.7176069633424866,91.95310246560497
Cat_836,9.191036060146951,Tetragonal,-4.359521268169,99.32550154229641
Cat_837,3.942742041608015,Tetragonal,-3.308662470027508,4.491129899561585
Cat_838,6.015589327641413,Rhombohedral,-0.3595817983697511,76.1007923495392
Cat_839,6.506510735235539,Rhombohedral,-3.8769219407807403,37.17240664023432
Cat_840,0.6243973375891696,Rhombohedral,-3.1391648808124333,39.245818622948
Cat_841,6.803605034158751,Tetragonal,-2.83961558527902,75.42649733470228
Cat_842,2.1913416852626386,Orthorhombic,-2.802975051527739,91.84264321454087
Cat_843,9.630168015959823,Rhombohedral,-1.9353020875273725,95.09285945025483
Cat_844,1.9122959136545732,Hexagonal,-0.2846208112764623,57.712258603832076
Cat_845,4.4389291754067255,Rhombohedral,-3.796536440837475,35.71211593005028
Cat_846,1.3108218467471167,Monoclinic,-4.39249311849541,78.75490858587793
Cat_847,9.970305392536499,Rhombohedral,-4.012647550700313,25.100138326230027
Cat_848,5.270852598146805,Tetragonal,-0.5653754989536521,56.40740288335178
Cat_849,6.156157664540416,Rhombohedral,-1.7709459367239697,35.85784615248732
Cat_850,1.137226535190061,Monoclinic,-3.5704660538041995,65.66310737078761
Cat_851,7.624624468792189,Hexagonal,-0.9202653051569136,24.03989128935069
Cat_852,2.4941031344080646,Orthorhombic,-0.6931500181828198,19.159294573482576
Cat_853,9.03151574968678,Rhombohedral,-0.7674283065486094,91.8239086675437
Cat_854,2.448826584579068,Monoclinic,-0.4053673318022275,10.18036829495369
Cat_855,2.3115333463048326,Monoclinic,-3.7387948991331923,50.595790773493164
Cat_856,0.8472218445569013,Hexagonal,-1.2247903562686084,22.085278296300892
Cat_857,4.9846359785449925,Tetragonal,-2.6973025136293,3.892996332566745
Cat_858,5.865990765994856,Rhombohedral,-0.7900072355496928,3.601881829142639
Cat_859,1.1242320745693475,Monoclinic,-1.357546614191934,17.522177210582733
Cat_860,7.867512358602601,Hexagonal,-1.117762767501377,86.67703545060003
Cat_861,4.8062439301062625,Orthorhombic,-1.7191908115946424,28.247874397702667
Cat_862,5.48170755861201,Monoclinic,-4.1128561526514655,95.04591705752958
Cat_863,4.687246095913167,Hexagonal,-2.2748654055153086,58.16222929891936
Cat_864,4.307249078315596,Tetragonal,-0.0766513023774591,43.66141897687661
Cat_865,5.81658314742807,Tetragonal,-0.3130596675144055,58.00888346694546
Cat_866,1.974782336341769,Monoclinic,-4.784131321014941,51.669838522626776
Cat_867,2.228317239705076,Monoclinic,-4.175925921352814,75.87762537573252
Cat_868,8.686963399628414,Rhombohedral,-4.34135613272719,28.249606597285226
Cat_869,9.48809689026951,Hexagonal,-1.3701004500735223,35.30503916003024
Cat_870,4.046438504657653,Monoclinic,-0.9110733507152746,89.40943025332507
Cat_871,3.072074394863761,Rhombohedral,-3.9324431684466403,94.64565131504055
Cat_872,6.617995660770649,Rhombohedral,-2.470736535240855,89.25582274864745
Cat_873,4.382974625431916,Monoclinic,-0.796484859944,41.94479939573136
Cat_874,0.7411703787732762,Tetragonal,-1.335992276168747,78.03655030068816
Cat_875,1.9834496749788084,Hexagonal,-2.2888139725407584,47.63357333010988
Cat_876,7.301736174050276,Hexagonal,-2.0482615477061357,49.75398521461022
Cat_877,6.759777448146438,Tetragonal,-2.4581972654186,20.468010905728395
Cat_878,0.7574119287830932,Monoclinic,-3.5122577434058972,59.113030325851646
Cat_879,2.6087355383630197,Hexagonal,-2.1748900357049195,18.613589775334795
Cat_880,2.6952105675866784,Monoclinic,-1.5555734897495466,33.15646990671938
Cat_881,6.88298106418792,Monoclinic,-0.6333854206959613,85.50302016199352
Cat_882,0.6872501086664595,Rhombohedral,-1.8185432301037596,20.707580921085523
Cat_883,1.4890315288534515,Tetragonal,-1.19439231478421,7.115828517343282
Cat_884,8.099202811045298,Monoclinic,-4.199641825227135,6.90075926128163
Cat_885,2.1961742895161693,Orthorhombic,-2.6922126279010508,94.07845205031079
Cat_886,6.70108802459281,Tetragonal,-4.953341900864533,50.69204379618346
Cat_887,2.762736419943902,Hexagonal,-3.766605677391885,40.941207181701834
Cat_888,1.444693231213779,Rhombohedral,-1.3676914244349758,81.08785810079185
Cat_889,2.8101358144948136,Hexagonal,-0.04095024325318253,83.5825927910516
Cat_890,7.361535852628762,Hexagonal,-4.504109502063921,33.21910331156046
Cat_891,8.629116447009714,Tetragonal,-2.9925284206935587,69.36180574737952
Cat_892,8.38708871338642,Hexagonal,-0.9996451565042026,77.11228158518865
Cat_893,4.273243531375321,Monoclinic,-3.9798218268555057,65.46506868659546
Cat_894,6.846808797421138,Hexagonal,-2.2245752534885685,15.159507480009937
Cat_895,2.447350806450299,Rhombohedral,-1.334643519851626,87.5883083517057
Cat_896,3.2849034374796258,Rhombohedral,-1.9200727486991047,53.90945527360087
Cat_897,9.015190275950637,Orthorhombic,-4.059876326922919,28.24724263700037
Cat_898,0.6235182733519924,Rhombohedral,-3.223077156571303,42.52281854376939
Cat_899,1.3123310431174469,Hexagonal,-1.0810410775730137,3.757109039890738
Cat_900,2.4749194238872594,Rhombohedral,-2.2288674293399167,12.786680122241755
Cat_901,0.7520559368012874,Tetragonal,-4.973851932285436,76.55467505158609
Cat_902,2.2236366333530744,Rhombohedral,-1.1950461998595308,0.0011634755366141114
Cat_903,6.038894829212076,Monoclinic,-4.823443225298805,41.65658284822922
Cat_904,4.50353323062873,Tetragonal,-1.2713310863438392,52.251018108558846
Cat_905,8.980381255231261,Orthorhombic,-3.987597199173813,5.4634420000972295
Cat_906,8.26571383651519,Monoclinic,-0.20963259940309875,97.30781629723329
Cat_907,3.7472648411298217,Hexagonal,-3.1602962434895776,22.612533124967193
Cat_908,2.9645226175972788,Hexagonal,-3.3653419183096043,30.419871963628086
Cat_909,4.1070778775890355,Hexagonal,-4.2555597483377765,30.39425122550273
Cat_910,6.107801953890673,Monoclinic,-3.4719789225489257,23.04166621173499
Cat_911,3.0466045878173245,Monoclinic,-0.6167461908589971,0.1473822086311416
Cat_912,6.429414624566773,Monoclinic,-0.018328311863763602,72.93447940879963
Cat_913,4.389410695816784,Tetragonal,-3.1584523474657584,96.68454997992853
Cat_914,5.744448218093813,Tetragonal,-2.7569468452272874,22.429348328504506
Cat_915,4.6432020267855085,Hexagonal,-1.3896453089863146,66.30471918034225
Cat_916,3.297424715648218,Rhombohedral,-0.5690210976746277,74.18963269587151
Cat_917,9.510306416140489,Hexagonal,-2.0347783290660795,84.84253790905247
Cat_918,7.754255044517728,Orthorhombic,-3.042371509110853,42.262919701360914
Cat_919,1.8310751697812993,Tetragonal,-2.9368907957568813,30.293090564042924
Cat_920,8.750445771030172,Monoclinic,-1.5219092675159658,32.52951340230311
Cat_921,5.13059638337038,Tetragonal,-4.9839086819786065,71.26213330985128
Cat_922,8.998246155493868,Monoclinic,-1.9020533127007964,81.6779466505636
Cat_923,8.098624931499494,Orthorhombic,-3.2225349477932133,18.161396775660265
Cat_924,4.539528292457717,Orthorhombic,-1.0290133436145785,37.09410081577652
Cat_925,0.7134584290411152,Tetragonal,-4.53504680088434,90.19401967491501
Cat_926,3.0524349141569878,Monoclinic,-2.0589886652580476,80.66935196947392
Cat_927,5.645525039278236,Orthorhombic,-2.595135550569381,98.48584027624759
Cat_928,6.518043088348399,Hexagonal,-1.788372370473863,75.42482596820807
Cat_929,2.9499330116154217,Hexagonal,-4.675732027585158,39.319520102792225
Cat_930,1.8238827036918293,Monoclinic,-2.100081062859344,59.06378339946377
Cat_931,8.431837249593341,Tetragonal,-2.1925770602023813,66.10142542473203
Cat_932,9.851820716683745,Orthorhombic,-2.1966995279191455,7.845581631712395
Cat_933,5.494056731875515,Tetragonal,-1.982561667017726,54.44969591038651
Cat_934,2.1309532155588835,Hexagonal,-1.617660313868189,70.93208284726096
Cat_935,3.086919601934005,Orthorhombic,-0.975055001596151,16.732130400106037
Cat_936,0.674711427200934,Tetragonal,-3.6508963993589285,78.06317174255571
Cat_937,9.185838662324741,Rhombohedral,-0.8747529490996895,58.37727805141116
Cat_938,1.6186352874563408,Monoclinic,-2.508721588682732,95.22217856975946
Cat_939,5.976906517385409,Monoclinic,-4.614708604328344,4.24222982068917
Cat_940,3.103524596528457,Rhombohedral,-4.707245353780104,26.5326137555467
Cat_941,5.7646910239000375,Hexagonal,-3.328808406519696,60.15538792998241
Cat_942,6.68849368934271,Orthorhombic,-1.0755151144426622,29.65599122059307
Cat_943,8.382547135218417,Monoclinic,-1.4615953262954213,71.44241640712423
Cat_944,2.4610020817257308,Rhombohedral,-1.056925176637968,75.9005282521931
Cat_945,0.6044603722555646,Rhombohedral,-2.413654717791953,10.251596406647446
Cat_946,1.800413485653669,Hexagonal,-2.7990050102225474,51.38544642067677
Cat_947,9.050177097556999,Hexagonal,-4.26273736646858,50.889055559105586
Cat_948,8.801955736843896,Tetragonal,-3.3590362319534424,36.92807702155411
Cat_949,6.175424470617929,Monoclinic,-2.8299031691306236,93.29248625696721
Cat_950,6.204910174119707,Tetragonal,-4.556997851601913,82.75063198732212
Cat_951,6.817848408189427,Rhombohedral,-3.896940236443944,69.72093819096368
Cat_952,2.166027146922771,Orthorhombic,-2.008873529681306,71.43266357349975
Cat_953,9.186913486287118,Orthorhombic,-1.3216844288040508,46.17161438131191
Cat_954,4.478319986474695,Hexagonal,-0.008262443035251366,92.09945210965759
Cat_955,4.139816018370226,Orthorhombic,-0.3344333432822113,69.45954272532853
Cat_956,5.429718200186956,Orthorhombic,-1.7871740023240426,72.89810616558164
Cat_957,0.9461766843630229,Orthorhombic,-2.89375973352964,86.16909037873452
Cat_958,2.079692003182754,Rhombohedral,-1.8191131764588366,27.4071589342191
Cat_959,7.511319356050519,Orthorhombic,-1.07174190959884,80.7070903866703
Cat_960,1.2865873452887016,Orthorhombic,-4.408319045383063,19.524060295649203
Cat_961,6.229945039930688,Orthorhombic,-2.950475551518559,34.53419522448878
Cat_962,2.830816541972549,Tetragonal,-0.8009885718219136,33.56104542698427
Cat_963,4.198308333398777,Rhombohedral,-3.08083524033478,97.85254683891405
Cat_964,3.242590499321649,Hexagonal,-2.1406386438640674,85.65372237479268
Cat_965,3.878890806417017,Tetragonal,-2.061153195689009,70.11698615902597
Cat_966,7.330936099250332,Monoclinic,-4.0776187343318036,72.70567616153902
Cat_967,3.3226562984201626,Rhombohedral,-3.1888227917385583,56.20727944025711
Cat_968,5.8808440828205235,Rhombohedral,-3.3274435562903393,94.70906671085191
Cat_969,5.022478820891447,Monoclinic,-4.869016457339676,49.62587528823615
Cat_970,6.8048760709451575,Monoclinic,-4.879041180543224,38.05177098698945
Cat_971,9.399882523585202,Monoclinic,-0.8415147816211324,16.3035336931591
Cat_972,7.459434923497378,Hexagonal,-3.634645950135938,78.6205652261058
Cat_973,2.541933596612189,Orthorhombic,-2.4096061688059227,73.44439320755914
Cat_974,0.7962397830822043,Rhombohedral,-3.5063721320561347,38.43550385241349
Cat_975,2.9915084208483385,Orthorhombic,-0.2966037744232972,2.519341395922936
Cat_976,6.153240341652421,Orthorhombic,-3.7035162056711313,83.89973277180107
Cat_977,0.9885452281003784,Monoclinic,-2.8517159363053244,1.1417983454073632
Cat_978,5.215479348411745,Hexagonal,-0.6363487475769904,70.3699779629051
Cat_979,6.170007064710448,Tetragonal,-0.7903321660409564,97.02571097260571
Cat_980,3.6753169627611277,Hexagonal,-4.069492910768614,43.766132814820345
Cat_981,7.823665935585308,Orthorhombic,-0.9867834510214477,23.497340499595275
Cat_982,1.5126834047708322,Hexagonal,-2.709065566310537,70.48710100433817
Cat_983,1.2138089264901832,Monoclinic,-2.585155639573224,81.71281420155852
Cat_984,7.417793183934232,Tetragonal,-4.332600137920281,54.64303160778473
Cat_985,5.207167503958885,Monoclinic,-4.596992431214376,96.70352752561462
Cat_986,7.039822766063493,Tetragonal,-1.360303465131174,5.166872165796111
Cat_987,4.630859716735589,Orthorhombic,-2.517694238223501,50.479559830452814
Cat_988,2.8408193157715145,Tetragonal,-2.8157464869241022,71.845394732255
Cat_989,8.281472017904896,Tetragonal,-1.3524588567380165,86.2640471149179
Cat_990,8.094450850205302,Tetragonal,-1.1724355050444513,17.925561190779003
Cat_991,7.099616473117054,Hexagonal,-4.205459161653232,80.00034817636814
Cat_992,3.0853788036846455,Hexagonal,-1.9488742526117937,55.27070757185453
Cat_993,6.107191335256328,Orthorhombic,-4.323229588611572,39.65536819899632
Cat_994,3.9292520209302544,Tetragonal,-1.2431245698547717,13.171502857909356
Cat_995,1.3700296966030243,Rhombohedral,-1.7152242186643023,86.52957589089124
Cat_996,9.214478966891306,Orthorhombic,-0.21692689458271008,15.727320817971535
Cat_997,1.7997769937301333,Tetragonal,-4.655209918217894,30.978785920909925
Cat_998,9.527254861297623,Tetragonal,-4.714726394243728,29.004553196243688
Cat_999,4.737054843100579,Hexagonal,-3.5890646265339994,87.14140341908544
